{
  "placeholderImages": [
    {
      "id": "auth-background",
      "description": "A calming image of a person studying at a neat desk.",
      "imageUrl": "https://images.unsplash.com/photo-1591382696684-38c427c7547a?crop=entropy&cs=tinysrgb&fit=max&fm=jpg&ixid=M3w3NDE5ODJ8MHwxfHNlYXJjaHw5fHxzdHVkeSUyMGRlc2t8ZW58MHx8fHwxNzY0MzQzMzQ3fDA&ixlib=rb-4.1.0&q=80&w=1080",
      "imageHint": "study desk"
    },
    {
      "id": "signup-background",
      "description": "A tranquil image of a modern, well-lit library.",
      "imageUrl": "https://images.unsplash.com/photo-1532012197267-da84d127e765?crop=entropy&cs=tinysrgb&fit=max&fm=jpg&ixid=M3w3NDE5ODJ8MHwxfHNlYXJjaHw0fHxsaWJyYXJ5JTIwYm9va3N8ZW58MHx8fHwxNzY0MzUwNzQwfDA&ixlib=rb-4.1.0&q=80&w=1080",
      "imageHint": "library books"
    }
  ]
}